Nomor,Tanggal,Kategori,Soal,Jawaban
8,1 September 2026,"Statistik Inferensial,ES4E","PEKS246025 - Statistik Inferensial (2 SKS) ES4E <br>
<a href=""https://paggalih.github.io/matkul/umum/statistika"">MATERI</a>","<iframe src=""https://docs.google.com/spreadsheets/d/e/2PACX-1vTQ9denP_sDjzvsXd-apmDDz0x93V9khPce5QefG4fS3uCuCxjzvroG7RKGGhvfdhV_7vjm1w12F1NB/pubhtml?widget=true&amp;headers=false"" width=""100%"" height=""300""></iframe>"
7,2 September 2026,"Matematika Bisnis,MBS3F",PMBS246007 - Matematika Bisnis (2 SKS),"<iframe src=""https://docs.google.com/spreadsheets/d/e/2PACX-1vStZjPPQbrfNMt0ZHYl_NDo-Z4Rojd4fFsHfYG8DF6em3VuyGrsRznKuuHGQ82B85Jc0qMNaKW42GMR/pubhtml?widget=true&amp;headers=false"" width=""100%"" height=""300""></iframe>"
6,3 September 2026,"Matematika Bisnis,MBS3G",PMBS246007 - Matematika Bisnis (2 SKS),"<iframe src=""https://docs.google.com/spreadsheets/d/e/2PACX-1vQAqx7CsZP-zi15NUelyILcpf_v6_tO69GTLk8bZk5tfWK48i8ilJ4vg6Im175X8SdxkP1f9XRnPYFQ/pubhtml?widget=true&amp;headers=false"" width=""100%"" height=""300""></iframe>"
5,4 September 2026,"Matematika Bisnis,MBS3H",PMBS246007 - Matematika Bisnis (2 SKS),"<iframe src=""https://docs.google.com/spreadsheets/d/e/2PACX-1vSj03OWYSdyHO-zje5xxgC3mBXjXftMY1jmjhxOy5mfAvX3tYmlW2efDGB3F3G9vKQg6izCjoOCX8av/pubhtml?widget=true&amp;headers=false"" width=""100%"" height=""300""></iframe>"
4,5 September 2026,"Matematika Ekonomi,ASY1C",PAKS246001 - Matematika Ekonomi (2 SKS),"<iframe src=""https://docs.google.com/spreadsheets/d/e/2PACX-1vSbwy0fmWgVMeaY-ynQTaFX1rEyPX5hY0Ld0jGEkTSkrUoGbZHlTen6JQ3XalGwQmwh4WFAWL8UtrGX/pubhtml?widget=true&amp;headers=false"" width=""100%"" height=""300""></iframe>"
3,6 September 2026,"Ekonometrika,ES5C","PEKS246026 - Ekonometrika <br>
<a href=""https://paggalih.github.io/matkul/umum/ekonometrika"">MATERI</a><br>
<a href=""https://paggalih.github.io/matkul/umum/ekonometrika/RPS.html"">RPS</a>",
2,7 September 2026,"Ekonometrika,MKS5D","PMKS246024 - Ekonometrika (3 SKS) <br>
<a href=""https://paggalih.github.io/matkul/umum/ekonometrika"">MATERI</a><br>
<a href=""https://paggalih.github.io/matkul/umum/ekonometrika/RPS.html"">RPS</a>",
1,8 September 2026,"Matematika Ekonomi Syari'ah,TMT5E",PTMT246039 - Matematika Ekonomi Syari’ah (2 SKS),
,,,,
